temperature,rainfall,supply,demand,current_price,next_day_price
35.45,5.28,251.06,250.58,2479.79,2523.28
30.35,0.0,295.8,238.14,8974.45,8045.12
32.21,0.0,267.64,274.5,6721.38,6456.59
29.78,0.55,888.12,800.24,7225.17,6864.53
29.35,3.79,742.07,550.34,7385.03,7249.05
27.04,0.0,1706.65,1709.21,8498.87,8653.47
31.64,0.9,248.52,234.64,2456.87,2529.39
26.76,0.0,357.28,324.25,8749.48,8261.78
32.53,0.8,22298.54,20130.32,2791.64,2964.54
34.12,0.0,96.11,76.37,5958.49,3859.05
31.39,1.63,47.07,47.24,4900.82,5035.23
28.91,0.0,8905.24,8196.77,1903.59,1910.14
31.73,0.0,2323.81,2168.01,8180.93,8535.43
28.83,0.0,12906.75,12610.38,7736.86,7737.39
33.56,3.63,1334.36,1002.83,8151.22,7993.27
23.04,0.0,277.22,231.91,8484.26,8143.82
28.72,0.0,2.24,1.39,6508.85,4815.08
22.43,3.9,210.82,223.48,3966.16,3672.58
24.32,0.0,929.84,729.35,8249.52,8279.78
35.18,0.0,889.34,807.04,6907.46,6436.65
33.4,0.0,2.24,2.13,6808.85,4919.02
27.27,2.7,7.84,8.08,17355.07,17474.82
24.29,0.0,18459.9,14503.85,3043.7,3153.12
20.0,0.0,33572.96,32595.23,662.59,637.78
27.93,0.0,299.61,349.41,8731.58,8099.37
39.2,0.0,208.71,230.59,6615.64,6249.35
31.65,0.0,156.56,164.12,17979.33,21561.18
27.87,0.0,890.79,872.98,7726.45,7855.15
31.77,0.0,42.99,33.04,4820.42,5037.44
24.07,0.0,885.22,934.96,7188.49,7036.15
28.87,1.3,775.51,705.6,6992.43,6804.16
30.38,0.0,26630.66,26529.62,3059.28,2999.41
29.67,0.0,92.17,76.81,5983.15,4038.1
33.01,2.2,186.68,165.5,11761.92,12764.23
31.31,1.62,16065.46,15127.36,3541.46,3535.56
32.54,6.24,101.83,98.18,2584.26,2431.32
27.38,0.0,1803.87,1812.55,8258.84,8699.63
33.41,0.0,936.95,766.84,8221.45,8064.57
36.19,0.0,18597.71,12921.7,2549.82,2623.97
26.31,0.0,3339.71,3906.09,5706.78,5821.06
26.63,0.0,16194.3,20870.16,2114.98,2094.48
35.08,0.37,13243.77,12630.17,8120.54,7834.06
29.27,0.0,371.72,274.7,8384.4,7710.64
35.33,3.16,3221.22,2552.45,9265.55,8798.4
28.32,0.0,99.92,100.05,2581.9,2410.92
35.53,0.0,5872.96,6310.97,1904.39,1919.17
30.5,2.75,831.68,630.58,7005.83,6715.48
30.98,1.48,14949.08,13493.34,3502.93,3567.42
35.95,0.0,2448.58,2232.51,6133.25,5952.59
28.63,7.1,296.65,319.69,8586.14,7232.36
26.42,0.0,14611.38,13053.12,8279.2,8341.94
28.3,0.0,20505.72,14585.58,3075.83,3159.94
31.72,1.43,9.52,9.54,16575.39,16811.24
24.05,0.0,1190.09,1324.78,7388.84,7500.59
32.42,0.0,2431.11,2173.18,7473.53,7392.71
27.95,0.0,1964.09,1942.52,2272.54,2263.48
34.36,0.0,131.53,108.82,11432.42,12231.0
20.9,0.0,11409.15,9768.3,2050.92,2205.09
27.01,0.0,2801.17,3029.84,7968.04,8180.75
23.59,3.84,367.92,378.24,8066.81,7723.21
26.86,2.15,34180.62,34730.86,662.37,655.32
30.94,0.0,2671.85,3004.89,7903.59,8155.24
29.32,0.0,10.15,7.88,17242.56,16841.75
29.04,5.15,7603.52,6608.11,1843.71,1925.47
29.4,0.0,859.83,813.17,7150.73,7065.66
30.77,0.0,896.53,749.82,8944.0,9251.36
26.17,3.35,15926.7,16978.17,3560.97,3519.4
32.69,0.0,7.94,6.97,16789.18,16493.14
32.52,0.0,235.84,180.64,2436.28,2567.77
31.46,0.0,1172.88,1079.55,7546.07,7398.44
32.11,0.0,686.35,639.1,8133.97,7681.01
31.13,0.0,20391.6,21290.81,3023.85,3141.33
37.73,3.15,1072.6,1009.56,7701.42,7506.77
29.67,0.0,245.31,242.01,3928.63,3680.89
28.83,7.26,404.92,405.29,8368.88,7533.12
27.14,2.61,1066.72,982.73,7430.49,7456.28
26.08,0.0,884.43,745.81,8727.62,8827.88
25.27,0.0,30844.51,30499.4,3001.57,2944.56
26.62,0.0,188.11,168.1,12337.01,13612.45
29.73,2.84,2504.7,2929.41,6469.66,6331.15
31.27,0.0,39365.45,43313.16,643.5,640.02
30.19,1.87,816.4,828.59,7302.8,7116.05
27.09,5.17,17971.85,18171.39,2223.5,2203.26
33.42,2.52,873.01,783.3,8465.32,8282.49
32.81,4.56,3224.22,2401.49,5516.01,5527.54
29.39,6.14,346.57,318.13,8449.13,7767.32
27.52,17.76,98.9,100.89,5993.36,3783.12
32.08,2.89,36528.06,34745.09,2701.75,2777.17
30.71,8.49,12468.28,12660.54,7901.78,7747.54
24.5,3.95,888.04,974.88,7795.96,7843.74
29.74,4.16,950.55,799.67,6993.12,6628.28
31.0,0.0,590.16,482.98,7787.06,7362.42
26.58,3.64,1646.84,1907.34,8321.18,8459.7
30.72,0.0,136.13,139.34,17977.5,21158.81
24.47,7.34,16105.62,14943.41,3587.27,3554.76
35.08,0.0,16024.9,14014.18,2565.65,2696.08
34.74,0.44,23.18,20.37,3413.1,3553.32
29.04,1.81,461.34,432.46,8714.1,8043.6
31.38,1.6,278.63,274.25,6523.01,6367.74
20.84,0.0,10812.39,14378.81,2129.05,2281.62
25.61,2.78,878.21,864.2,8089.22,8089.51
28.88,1.81,20115.31,20652.63,3070.75,3181.75
25.93,2.74,652.16,469.1,7875.49,7371.99
32.71,1.82,1382.14,1165.29,2137.32,2147.61
37.59,4.65,629.8,670.79,7776.64,7078.11
25.53,17.64,286.18,307.28,8851.59,7880.31
26.82,0.0,317.93,174.86,8685.45,7482.99
30.89,1.9,2232.17,2269.23,6245.29,6038.76
36.12,0.0,1007.53,1160.48,7352.21,7251.93
25.35,4.07,1113.85,762.7,7940.17,7987.21
30.95,2.72,18087.99,20582.51,2537.51,2545.76
36.92,0.0,277.65,152.71,8641.08,7473.21
23.72,0.0,148.0,161.17,11559.11,12562.26
25.13,0.0,1125.84,1067.3,7488.98,7698.81
28.39,0.59,1.98,1.19,6669.65,4888.81
28.02,0.0,105.43,104.84,12829.98,12810.09
33.09,0.0,1939.39,2060.77,2250.88,2252.24
30.92,3.51,11414.15,11179.96,2176.49,2224.15
23.26,0.0,23.98,24.99,3475.78,3671.41
31.96,3.32,259.42,224.11,4044.66,3727.7
27.81,0.0,779.7,524.41,7144.24,6973.4
34.84,0.0,2530.86,2499.99,6240.14,5865.31
27.62,0.0,265.65,313.27,6447.89,6117.17
27.58,0.0,1094.6,1196.02,7363.63,7483.02
32.06,0.0,1623.27,1021.62,8311.99,8585.56
32.9,10.31,162.63,119.01,11723.47,11979.09
31.7,0.0,229.84,181.88,2439.83,2549.99
23.59,0.0,13090.4,9626.87,7834.15,7809.08
32.04,0.0,138.2,126.3,12396.9,11441.83
26.07,0.0,2936.03,2932.09,5824.77,5571.2
30.89,1.64,176.37,127.15,11816.71,12365.31
24.59,0.0,168.98,179.33,11708.3,12796.62
31.7,5.57,236.04,239.88,2367.42,2407.77
26.93,0.0,165.3,142.43,12085.01,13257.51
25.13,0.0,297.09,274.84,9040.66,8055.58
32.71,0.0,37404.6,23593.05,2633.46,2558.51
30.92,0.0,1104.5,958.68,5824.28,5611.54
27.67,2.77,2010.98,1902.64,2299.75,2289.67
35.51,0.0,2862.92,2606.8,8575.71,8294.16
28.33,0.0,713.5,701.44,7540.91,7164.09
30.12,2.33,7324.88,7052.26,2021.1,1984.51
31.02,3.43,29461.17,26237.35,2870.84,2757.54
27.65,11.93,19527.88,19955.94,2554.19,2596.19
31.79,4.21,171.12,182.48,16941.26,20148.24
27.97,3.9,8075.56,7545.69,1892.11,1868.12
28.44,10.21,1921.03,1949.22,8221.01,8313.69
35.18,3.5,2250.74,1973.64,2285.2,2206.85
26.05,0.0,28.94,24.69,3406.26,3611.38
20.83,8.62,825.68,893.96,8126.3,8521.18
36.12,0.0,78.7,63.4,2533.35,2394.66
39.69,7.49,1677.44,1586.68,8414.83,8541.5
28.46,3.18,21600.34,20431.72,2484.66,2625.63
22.64,0.0,32511.16,29962.58,642.28,623.47
28.82,2.29,21132.63,18814.64,2687.99,2789.85
28.91,2.76,906.6,785.51,7072.05,6615.64
29.28,0.0,2436.5,1690.73,6308.13,6099.61
25.77,0.0,246.08,245.83,3949.85,3690.99
32.2,2.09,151.12,143.19,12122.4,12935.01
31.99,3.2,2.0,2.08,6996.94,5016.91
24.32,0.0,337.72,297.08,8866.95,7950.91
32.66,0.0,7602.1,8889.99,1832.42,1787.72
37.8,1.97,2246.36,1859.81,6110.84,5814.32
30.65,0.0,787.62,625.03,7144.74,6844.57
28.72,0.0,135.01,106.46,17135.65,20422.62
29.46,0.0,781.81,532.01,6906.05,6663.56
32.34,0.0,548.11,614.18,7958.71,7405.34
23.42,5.77,758.23,890.55,8521.18,8900.7
30.62,2.55,16936.26,17114.93,2293.73,2273.5
28.52,3.38,820.79,670.56,9157.74,9232.37
37.02,4.66,1311.56,1508.43,2162.31,2199.87
29.34,0.0,91.7,80.21,6067.94,3978.6
36.34,0.0,250.02,211.09,2359.02,2338.84
25.81,0.0,12146.95,13925.04,8153.08,8270.64
32.23,0.0,1283.82,1282.35,7775.39,7753.43
31.21,0.0,389.54,475.58,8249.52,7807.65
26.7,0.0,1161.25,1131.79,7420.4,7398.56
30.67,0.0,1286.63,1106.98,7781.77,7818.49
34.61,0.0,18689.94,15077.21,2193.21,2125.67
28.77,5.77,14227.73,9843.74,3619.71,3635.48
23.57,1.5,2.33,2.16,6568.46,4848.49
29.93,7.65,37689.71,41881.79,676.59,684.99
26.57,0.53,10141.86,10410.94,2065.76,2061.8
28.7,0.88,2413.3,2254.42,7790.19,7746.5
29.69,0.0,400.58,313.48,8264.51,7665.08
23.52,3.71,2471.32,2484.92,7487.6,7495.41
23.86,0.0,847.64,931.25,7099.41,7145.62
31.83,0.0,16724.87,16211.58,2192.18,2115.79
28.01,0.0,8.61,8.22,17407.1,17477.83
20.25,0.0,26.31,22.81,3543.95,3682.35
32.98,0.0,41565.64,42542.89,2739.45,2702.98
31.04,12.71,361.62,198.89,8394.18,7768.84
27.29,0.34,3457.93,3427.66,5734.13,5930.32
25.0,9.94,1020.74,1377.61,5741.35,5554.33
33.18,3.52,2952.46,2078.15,8759.6,8304.57
31.33,0.0,8806.93,7734.62,1797.25,1804.65
39.05,0.0,261.83,226.37,2407.35,2480.35
31.6,5.19,3008.34,2606.53,9038.31,8904.3
31.47,0.0,236.62,249.93,3798.85,3545.37
29.37,0.0,872.33,863.56,8748.91,8761.77
33.1,0.0,6076.94,5607.19,1920.4,1917.59
32.38,4.82,8.53,8.85,17543.86,17630.83
34.76,0.89,14160.8,12707.43,3484.03,3478.7
28.02,0.0,2295.18,3160.61,7226.3,7020.48
28.35,2.81,386.09,371.57,8577.49,7913.76
28.18,0.0,1197.56,1147.58,7041.43,7280.32
33.01,0.0,97.33,64.48,3643.53,3960.77
35.69,0.0,11821.98,9572.9,7985.04,8009.42
28.26,0.0,7989.82,8717.65,1934.98,2023.92
28.39,7.54,97.29,75.19,3392.08,3645.87
31.19,0.0,295.37,180.4,8940.85,7857.33
29.07,7.55,97.57,93.7,3536.23,3866.73
33.62,0.0,1528.87,1666.77,7808.29,7526.44
21.44,0.74,245.48,240.64,8440.91,7520.18
26.86,0.97,794.48,711.59,7294.54,7236.25
27.03,6.05,2639.65,1852.62,8004.75,7986.17
21.18,2.11,93.66,97.84,3703.35,4213.19
26.34,9.11,262.44,281.08,2495.32,2541.15
26.52,0.0,95.43,65.98,5912.95,3941.32
29.24,0.78,816.82,887.51,7007.11,6820.0
34.23,1.3,13910.75,14008.62,3414.79,3346.81
29.07,0.0,229.23,248.51,4136.47,3932.26
26.08,0.0,1089.11,1116.55,7329.06,7132.34
29.78,0.0,376.24,381.06,8793.82,8239.91
33.99,0.0,19706.43,19095.13,3004.48,2960.74
26.29,0.0,1322.55,1406.98,7938.39,7868.72
26.54,0.0,42616.37,29240.58,2639.86,2692.75
32.12,1.57,550.69,387.36,7927.77,7371.88
29.16,0.0,129.02,106.06,12928.98,12125.98
32.46,0.73,140.54,125.08,11848.16,12478.61
29.95,0.0,18397.15,17930.78,2249.65,2199.11
32.67,1.6,1120.31,1070.85,7447.57,7429.26
26.07,0.0,1809.83,1990.81,8142.1,8087.65
29.95,0.0,1067.05,1153.56,2208.44,2275.7
29.2,0.0,14758.9,11846.52,8015.07,7972.81
25.38,6.36,2247.5,2262.23,7579.31,7556.41
24.06,0.0,1313.81,1099.6,7784.11,7829.45
32.61,11.86,2525.84,2337.54,6138.53,5890.64
28.67,0.0,755.21,734.86,7499.26,7151.69
26.12,3.92,38437.65,21140.71,2763.13,2665.57
29.63,0.0,3221.56,4058.42,5833.95,5890.46
34.29,1.76,14573.53,14290.99,2115.83,2130.97
21.33,0.0,144.25,128.18,12836.87,12419.69
24.31,0.0,101.11,123.76,6209.49,4272.44
26.49,0.0,291.71,260.32,6562.12,6476.73
35.55,0.0,3269.55,2959.72,5617.58,5558.29
31.07,0.0,225.45,190.58,2547.9,2630.59
32.92,7.22,14009.64,16288.44,8018.34,7648.45
25.67,0.0,729.49,679.37,7535.78,7596.09
25.75,0.0,337.41,326.09,8434.67,7584.74
31.7,16.13,2149.97,2457.07,2268.77,2265.72
30.22,0.0,13556.96,13564.97,2325.67,2279.25
32.09,0.0,2298.22,2068.12,7493.36,7411.45
29.29,8.09,21054.04,23414.16,2945.98,3100.31
31.06,0.84,845.32,1075.61,8503.35,8715.54
30.6,5.56,2499.48,2457.13,6501.15,6155.34
32.96,0.0,11055.29,10155.53,2095.4,2249.9
33.07,3.17,2117.23,1986.3,6314.87,5962.09
23.84,0.0,89.09,101.6,5816.83,3943.49
21.46,1.56,17248.11,15412.68,2297.24,2321.06
33.81,4.92,136.93,120.21,13307.41,12678.04
34.51,1.32,328.47,224.33,8733.33,7631.05
26.12,0.0,16034.46,12467.25,2147.38,2128.69
22.93,0.0,41201.38,36665.61,2762.42,2791.98
30.38,1.94,32296.47,29636.95,663.72,626.59
33.54,0.0,6602.07,7568.93,1852.09,1856.95
36.83,0.0,126.0,120.21,12364.2,11671.04
31.96,6.07,820.73,660.54,7071.42,6781.23
28.59,7.39,3587.91,3071.63,8655.61,8332.25
26.61,0.0,1149.21,1301.85,5764.66,5632.77
30.04,0.0,946.69,1020.02,5964.82,5771.58
28.86,0.0,15531.73,14456.37,2536.4,2567.68
26.14,0.0,2240.21,1974.05,2259.67,2252.81
37.79,0.0,11770.62,12132.91,2097.9,2124.13
36.78,0.83,8498.44,6319.01,1853.28,1913.09
34.32,0.71,770.42,733.3,7563.29,7293.61
26.5,0.0,2428.77,3058.23,7422.56,7419.5
33.25,0.0,1172.67,1089.71,7546.31,7380.67
32.43,1.67,288.39,231.73,8398.15,7632.17
31.68,0.48,95.61,92.67,2640.99,2473.77
34.75,4.12,245.31,206.6,2404.94,2455.64
32.41,0.0,21574.63,15325.27,2627.68,2751.92
32.81,7.22,2359.87,2430.98,7464.73,7345.84
32.42,0.0,2548.46,2706.4,6426.65,6073.74
31.3,0.0,2275.27,1976.54,7613.4,7384.82
23.22,0.15,732.81,665.73,7106.19,7025.51
30.32,0.0,45431.0,35594.02,666.16,663.31
27.89,0.0,16372.46,14926.61,2169.22,2169.58
25.14,0.0,134.45,117.04,13185.52,12817.53
36.39,0.0,45.76,33.87,4890.39,5054.97
36.57,0.0,1104.22,1264.87,7539.79,7534.61
35.17,7.53,591.91,582.7,7708.88,6892.1
30.97,0.0,99.76,99.19,3549.57,3842.32
35.13,0.0,39102.16,39605.86,631.04,646.87
30.05,3.84,873.71,911.32,8813.27,8909.02
30.77,0.0,37.32,32.01,4944.03,4896.39
25.84,3.5,2.52,2.51,6609.52,4980.56
31.51,0.0,1719.02,1501.2,8296.48,8271.18
30.23,4.06,858.04,854.83,7211.57,6958.95
25.05,0.0,18397.36,18352.06,2520.98,2707.35
29.81,2.41,1159.44,1017.1,2168.81,2224.82
29.7,0.0,8.71,6.4,16636.22,17059.97
36.83,1.31,984.76,890.94,8803.33,8675.11
33.4,0.0,1148.38,1000.25,2233.42,2343.37
30.04,6.94,15080.95,10297.69,3559.9,3451.77
30.95,0.0,43.61,42.97,5083.28,5293.16
30.17,0.0,11432.41,12051.35,2030.82,2127.34
29.23,0.0,39404.8,50382.83,2490.17,2501.97
25.89,0.0,180.18,160.35,11839.17,13128.26
29.43,0.0,34117.46,28932.44,2568.59,2551.99
27.16,3.11,80.17,63.67,5966.57,4185.01
25.25,0.0,1995.93,1951.45,6362.41,6496.96
31.94,0.0,2158.55,2021.85,6475.52,6307.3
31.49,0.0,216.28,172.48,3876.0,3648.18
23.21,0.0,18006.35,16858.39,2586.01,2774.96
29.53,0.0,23.72,15.32,3417.1,3458.42
33.78,4.03,1983.18,2068.71,6384.86,5996.72
34.03,0.0,2425.4,1911.1,7769.4,8012.05
33.9,2.91,1420.87,1283.63,8145.7,7980.38
30.15,0.0,40493.46,29130.01,646.78,655.65
26.79,0.0,13108.42,11243.58,8383.98,8341.81
25.88,1.08,792.54,721.11,8585.98,8485.87
31.31,0.0,78.59,71.56,6113.53,4018.44
31.44,0.0,2886.6,2824.58,5699.33,5618.95
34.89,1.23,32010.76,35116.83,664.36,647.78
34.18,3.95,8328.31,8438.96,1879.52,1945.74
29.5,4.34,27.02,29.05,3390.32,3546.31
25.27,0.0,26.47,30.46,3188.55,3369.28
28.79,1.84,1991.25,2019.92,2068.25,2001.59
30.83,9.16,11885.22,11250.0,2204.5,2279.35
29.23,5.46,159.2,173.17,12326.34,13439.23
27.8,0.0,160.77,174.18,12522.79,13895.6
30.96,0.0,10.7,10.75,17057.74,17862.65
28.08,0.0,34528.58,25131.36,2574.3,2501.52
27.61,0.0,864.62,705.97,8228.44,8179.86
31.18,4.93,1204.79,1077.27,7476.6,7323.58
28.47,0.0,539.18,559.84,7602.61,7113.61
30.93,0.0,7386.39,6732.29,1926.53,1977.55
31.04,0.0,38493.23,41300.64,2809.21,2801.49
25.67,0.0,19649.95,22206.64,3001.01,3203.34
28.17,0.0,34218.58,37601.3,648.28,653.22
35.46,0.0,3327.29,3513.6,5523.05,5378.52
25.58,0.0,21779.1,17451.95,2659.42,2729.65
21.96,2.67,3305.21,3458.97,5718.73,5777.53
22.92,0.0,2.04,1.79,6651.56,4837.66
30.11,0.0,14317.05,9856.81,3578.29,3559.52
30.12,0.0,92.71,81.5,3493.23,3832.18
29.55,0.0,7340.57,8134.42,1911.71,1829.81
34.61,0.0,45984.86,43999.25,625.08,642.67
20.0,0.0,17336.37,21887.05,2271.27,2300.96
31.5,0.0,15570.18,14570.34,2205.41,2217.23
35.93,0.0,46.66,57.26,5081.64,5242.09
25.71,1.2,1887.27,1840.75,2228.49,2229.59
28.56,0.0,36338.9,33860.84,2651.21,2635.78
27.14,0.0,751.66,569.79,6969.65,6712.51
26.6,3.5,7510.64,8335.7,1885.41,1974.4
28.76,0.0,8106.5,6948.42,1863.01,1791.72
35.42,0.0,12410.79,9889.75,2110.56,2174.66
36.98,0.0,14813.54,15665.02,3535.85,3439.65
28.72,0.0,81.72,89.06,6020.26,4107.36
37.24,0.0,2526.09,2614.63,7535.94,7501.69
30.14,0.64,1777.37,1548.16,8259.97,8532.61
36.66,1.11,13503.93,11847.09,3606.05,3553.21
29.65,3.08,27555.25,25518.06,3050.05,3058.37
30.5,0.0,14720.68,15111.73,3515.9,3442.6
31.39,0.0,224.85,253.89,4005.73,3644.71
42.0,0.0,2.23,2.01,6678.9,4678.58
33.23,0.0,1238.27,1457.53,7281.91,7085.63
27.31,0.0,39641.76,42088.96,2657.85,2614.95
33.68,0.0,1318.51,1140.56,2229.88,2299.42
28.63,0.0,13492.66,14089.97,7816.94,7768.63
28.14,0.0,760.52,889.81,8677.06,8877.67
33.45,0.0,2155.78,2541.76,6111.23,5882.64
30.12,4.34,773.55,853.09,7386.56,7254.81
31.06,0.0,8.57,7.86,17025.82,17660.1
30.05,0.04,9429.09,8387.22,3587.55,3406.64
31.28,0.0,94.01,93.35,6015.91,3839.54
31.61,0.0,2905.56,3325.9,7634.83,7887.66
22.64,0.0,2705.53,2772.87,7668.31,7906.46
32.53,0.0,8.87,8.59,16442.28,17133.92
26.27,0.0,83.26,79.06,3450.59,3793.21
24.52,0.0,1211.64,1098.94,2249.64,2371.53
29.78,0.65,39307.81,35425.32,636.58,662.1
30.32,0.0,39801.0,37295.32,656.02,663.45
27.36,0.0,29.45,34.64,3344.45,3452.77
33.16,7.99,2326.13,2092.24,2282.28,2262.78
24.9,0.0,245.83,235.49,3887.19,3720.83
28.45,5.88,91.36,75.98,2546.8,2358.16
27.78,0.0,845.0,873.44,8326.66,8190.97
29.82,0.0,14110.76,15696.77,3741.52,3580.29
31.06,0.0,11126.09,12695.67,2170.21,2269.28
26.17,0.0,2746.15,2667.75,7755.01,7928.45
32.75,1.87,17695.9,17543.38,2249.05,2203.57
30.24,0.0,8.4,7.53,17977.43,17589.78
22.81,0.0,1203.47,1248.07,5617.27,5448.16
22.56,0.0,1306.98,1318.23,7707.62,7656.31
29.95,9.1,8183.92,7896.1,3643.75,3435.99
29.16,6.5,2107.42,2044.91,2216.4,2195.95
29.61,9.59,20457.44,20948.19,2940.88,3059.61
29.89,5.0,22286.11,20045.07,2476.95,2659.14
30.86,2.39,39109.21,34825.06,2753.64,2743.57
33.6,0.0,8040.72,9145.71,1836.98,1807.1
25.78,4.68,303.58,407.87,8696.48,7707.52
25.55,0.0,771.01,599.93,8988.07,8996.27
25.85,0.0,6905.8,5307.81,1848.87,1900.5
31.1,3.75,2574.75,2045.46,7304.45,7021.75
34.73,0.0,2.4,2.1,6474.1,4700.58
28.36,0.0,841.13,887.6,7146.16,6797.42
20.49,0.0,13281.28,14075.68,2096.1,2137.33
23.52,0.0,42542.75,41816.77,651.79,694.96
26.83,7.68,1270.73,1326.33,2099.58,2139.51
27.88,0.0,15950.36,13331.69,2256.12,2171.53
28.45,0.12,28.69,25.7,3425.74,3615.62
30.15,0.0,21564.09,19759.33,2572.58,2635.17
28.82,2.68,224.16,160.51,4133.26,3936.25
33.99,0.0,1140.43,836.49,2152.0,2161.06
27.43,5.67,2412.81,1932.87,6215.01,5969.67
26.72,0.0,6746.38,7061.0,1824.93,1903.2
31.82,0.0,244.25,230.43,3970.33,3745.91
24.16,0.0,37128.12,38634.09,2654.22,2730.02
31.48,0.0,2.25,1.47,6560.86,4771.89
30.39,0.0,30781.37,21853.62,635.97,618.45
29.44,19.2,370.6,405.07,8361.09,7735.75
36.04,8.07,12132.71,6672.99,8100.13,7834.42
27.64,1.17,139.04,154.38,12978.04,12522.45
37.83,0.0,954.1,589.4,7433.14,7050.65
29.14,0.0,22224.25,23184.52,3110.53,3270.59
25.15,2.22,9767.03,8141.82,3735.04,3624.34
30.27,5.03,609.57,661.62,8068.52,7400.58
25.91,0.0,2259.02,3148.36,2282.68,2353.47
27.14,2.42,1413.56,888.55,8210.02,7872.99
31.51,0.0,228.57,230.46,2546.6,2683.22
32.11,5.82,2624.07,1777.75,8058.87,8095.64
27.64,0.36,752.73,749.23,8462.52,8539.41
33.75,8.09,252.08,227.1,3969.06,3624.11
34.4,0.0,955.41,871.12,7180.06,6612.92
35.46,0.32,232.78,177.12,3955.83,3639.17
32.01,0.0,135.62,137.96,12144.27,13162.31
35.18,2.02,33686.49,23385.53,657.79,633.63
22.85,0.0,227.11,258.16,2422.35,2518.59
28.79,2.01,134.84,118.39,16235.58,18914.0
26.71,4.15,8177.79,6215.14,1929.97,1930.97
30.45,0.0,41012.91,46778.21,2645.61,2752.98
27.83,0.0,222.27,205.29,4034.97,3715.47
29.37,1.14,2239.8,2677.51,7760.68,7976.66
37.15,0.0,2.21,2.32,6750.3,4770.46
29.36,0.0,2286.79,1857.17,6558.43,6354.91
31.57,0.0,36627.57,32915.99,2577.69,2600.98
29.12,0.0,7580.25,7142.43,1961.16,1991.69
30.29,0.2,2.25,2.55,6882.09,5278.37
30.02,10.8,20382.35,20878.35,2573.82,2650.7
31.7,0.0,6906.83,6454.15,1916.19,1980.06
34.43,0.0,34663.44,29999.4,650.28,619.31
36.26,0.0,1844.93,1614.98,7433.76,7408.17
31.18,0.0,2040.55,2235.59,2320.62,2370.33
32.24,2.51,1043.82,957.28,5582.51,5382.28
25.63,0.0,165.34,147.31,12126.1,13578.97
29.67,0.0,12394.91,10448.57,2164.97,2213.11
33.57,3.42,3462.33,2890.09,5988.84,6008.99
33.29,0.0,830.94,584.95,7986.59,7961.42
30.8,6.47,93.8,78.42,6243.6,3964.19
33.37,0.0,1316.68,1460.95,7763.33,7652.21
31.86,0.0,10237.75,9008.06,2112.66,2175.06
34.56,0.0,3041.89,3015.27,7631.21,7594.84
31.1,5.19,733.42,430.61,7020.45,6941.93
28.65,2.09,1245.27,1265.24,2197.76,2270.01
31.28,0.0,8030.38,7145.06,1798.82,1841.84
20.0,0.0,17584.04,16047.17,2252.1,2269.35
31.45,0.0,1054.85,987.98,5758.78,5581.67
20.0,2.74,18343.27,16904.46,2144.12,2143.41
23.45,1.48,34330.26,22928.12,639.9,660.03
31.72,2.02,2626.52,2749.69,7937.95,7965.78
31.81,5.72,583.26,563.44,7744.88,7488.59
25.58,0.0,775.52,699.95,7193.64,6784.64
27.29,4.33,1135.99,929.56,7604.56,7525.6
35.21,1.13,3449.81,2371.73,5862.3,5729.34
28.16,0.0,290.89,279.94,8672.47,8084.04
38.52,6.19,1848.16,2069.02,8091.03,7891.3
29.99,0.0,1209.63,1147.32,2179.95,2259.07
31.55,3.92,2195.39,1608.78,6404.35,6194.41
36.14,2.9,87.75,81.28,5782.89,3784.34
30.5,3.54,20181.56,18642.08,2503.42,2642.52
26.19,0.0,832.05,885.15,8166.16,8407.28
29.58,0.0,103.32,104.09,3526.72,3861.36
29.86,6.45,622.28,342.25,7650.58,7034.77
24.81,6.21,958.56,1008.67,7606.59,7402.55
29.03,0.0,21.87,17.18,3278.8,3404.55
27.18,2.84,890.93,667.51,8413.14,8499.23
33.51,0.0,43.0,37.52,4897.35,5050.4
30.13,5.24,13226.79,13196.34,7992.66,7629.86
28.93,7.45,1166.93,847.84,5642.89,5488.32
29.6,0.0,35238.49,35980.67,638.62,634.08
30.85,0.0,8425.18,8608.69,3628.71,3505.03
32.34,6.9,14644.72,13767.94,7948.98,7598.53
26.2,1.67,1129.2,935.01,5878.07,5659.27
26.04,3.92,19983.47,16432.53,2518.08,2671.97
34.2,0.0,766.89,796.38,7483.35,7473.72
28.43,3.23,221.85,162.12,4038.22,3851.79
24.62,0.0,8.32,9.17,16720.88,17578.14
31.69,0.0,34391.94,30497.17,671.43,637.25
31.76,0.0,777.32,696.49,7239.09,7368.31
24.18,13.38,251.53,193.5,4110.68,3723.05
30.87,2.99,257.52,233.36,6521.31,6282.4
32.8,7.86,7137.44,7284.3,1885.76,1899.73
31.42,8.24,9173.78,6947.51,3669.3,3423.99
32.4,0.0,16336.18,15934.3,2655.91,2775.11
24.66,0.0,812.03,783.18,7419.45,7332.55
31.26,0.0,45.37,37.31,4962.89,5235.05
28.85,0.0,26.86,28.11,3393.47,3545.19
28.17,0.0,84.82,52.82,3590.04,3957.81
33.31,4.64,27.54,26.64,3400.46,3521.46
35.62,6.31,8036.3,9147.26,1984.73,1902.93
36.82,1.92,2904.9,3161.53,7887.13,8008.3
35.0,0.0,877.44,828.83,8231.34,8164.79
29.58,0.0,660.35,581.29,7709.35,7271.09
31.34,0.0,6870.86,5654.35,1794.16,1784.83
32.91,0.0,94.71,81.46,6085.58,3982.42
30.46,0.0,8911.75,8852.67,3590.32,3370.18
30.5,0.0,85.9,69.07,2614.15,2503.54
33.13,0.0,999.55,1006.8,7232.87,7415.03
29.77,11.76,1098.8,1392.19,5874.47,5632.99
27.23,0.0,2892.81,2684.42,9240.55,9075.5
28.43,0.0,12218.8,9057.0,2021.58,2118.25
32.41,0.0,17113.1,12274.93,3115.18,3090.37
30.01,0.0,731.21,752.16,8227.26,8145.61
31.29,0.0,956.26,864.35,8789.96,9036.22
32.55,0.0,43100.59,44284.94,2698.28,2551.55
28.58,1.05,29425.38,25247.66,682.01,648.02
32.87,0.0,11859.07,12084.93,2151.17,2257.2
31.44,7.23,34741.67,31897.57,686.55,669.24
25.31,0.0,33199.04,28073.21,678.54,666.24
35.48,0.0,1111.33,923.49,6113.63,5973.68
28.1,0.0,18712.0,14292.78,2240.05,2227.37
23.71,0.0,11168.51,13807.03,2241.48,2378.33
26.03,0.0,20728.53,19284.45,2618.11,2723.38
26.12,5.96,140.66,148.72,12350.09,11942.5
30.2,0.0,11603.08,9788.93,2276.01,2323.37
28.96,4.17,1064.07,846.65,7367.15,7509.83
28.72,0.0,232.65,208.21,4138.69,3996.56
32.35,0.0,46.13,48.9,4941.88,5261.0
31.29,0.0,1103.78,926.46,2233.53,2271.61
31.2,0.0,1379.52,1091.09,7737.93,7461.12
31.56,0.0,91.25,85.08,2584.1,2520.79
32.34,0.59,19658.04,19229.33,2946.78,3072.02
21.99,6.49,16798.24,20561.45,2298.47,2319.17
28.62,2.13,906.4,894.04,8406.87,8306.78
21.72,0.0,82.2,87.12,2603.83,2556.36
30.14,7.03,887.89,930.53,6826.28,6620.31
29.98,11.57,1038.83,836.23,5843.31,5677.81
33.97,1.52,2.4,1.84,6768.77,5069.59
34.51,3.9,2273.8,1720.77,6365.26,6279.73
30.77,2.74,608.42,450.14,7986.36,7455.36
28.1,10.23,164.2,177.95,17093.52,20098.72
31.84,3.07,861.61,828.72,8325.81,8286.59
27.99,0.0,44177.96,41667.15,2738.83,2859.67
29.99,3.22,7564.79,4311.3,1796.21,1694.74
33.75,0.0,2.26,2.68,6798.72,4972.03
27.88,2.58,2655.21,2171.55,7805.98,8151.12
33.06,1.71,10141.9,12126.83,3581.86,3477.37
32.57,0.0,282.7,198.36,8813.77,8173.23
26.37,0.0,1602.58,1326.99,8562.85,8665.66
33.7,0.0,43.65,25.73,5066.87,5128.52
32.65,0.0,2132.99,2036.52,2232.18,2254.44
30.39,0.0,2320.84,1771.96,7651.72,7446.98
27.1,1.26,18182.26,14404.08,2259.17,2232.23
26.74,1.71,15702.76,11844.01,3528.04,3529.73
27.96,1.07,23.23,24.29,3356.68,3558.73
32.06,0.0,23.72,23.89,3361.62,3512.51
26.37,0.0,22.3,26.66,3487.42,3683.64
31.66,0.0,309.26,251.75,6613.7,6234.85
25.28,3.58,144.29,143.32,12595.7,12468.14
29.22,0.0,40732.63,30311.02,621.15,678.59
30.42,0.0,739.96,644.2,7366.8,7408.19
39.29,0.0,20675.02,16366.61,2525.43,2573.61
24.77,4.95,103.01,106.74,2565.32,2409.7
35.59,0.0,1180.48,1214.5,2243.24,2259.3
30.57,5.05,9.99,10.75,16506.79,16539.88
31.56,4.82,38062.61,30903.91,669.09,634.08
30.45,2.56,42.51,45.38,4917.5,5118.15
31.69,0.0,13056.02,11798.58,3569.33,3668.21
29.42,0.0,83.31,73.15,6188.01,4247.95
35.53,0.0,101.11,79.64,5802.58,3757.74
28.27,0.0,954.64,813.37,8434.13,8253.36
34.3,2.2,88.63,101.65,6156.85,4187.69
27.55,0.0,99.27,97.06,2532.45,2431.96
29.77,0.0,133.1,125.89,17192.05,20190.81
25.93,0.0,34408.94,31233.9,676.86,668.5
31.73,0.84,367.1,460.87,8553.11,8095.21
35.49,0.0,87.74,93.86,6089.45,3721.2
29.71,2.68,924.08,768.42,8432.36,8260.35
29.25,0.0,1713.36,1518.35,8103.96,8252.44
25.76,5.93,599.33,562.84,7992.04,7542.86
29.13,0.81,14230.67,13503.21,3638.9,3607.63
23.95,0.0,26.8,23.0,3431.76,3544.47
26.53,0.0,8534.56,8553.74,1833.57,1813.14
30.86,0.0,902.02,1008.57,8733.93,8883.29
35.01,0.0,650.06,458.96,7836.86,7243.36
40.68,0.0,138.61,96.75,12563.87,11513.06
27.77,2.18,282.16,246.74,8661.54,7521.3
35.45,2.7,3342.21,2797.21,5506.73,5507.8
30.93,0.0,269.69,322.08,6721.2,6463.65
29.43,0.62,2814.57,3000.85,5731.52,5850.62
31.64,0.0,291.25,303.58,8380.62,7375.5
30.24,2.11,2622.92,2334.41,7940.86,7951.23
30.42,0.0,221.85,194.65,3983.89,3820.96
28.45,9.74,985.61,754.03,8423.03,8098.67
24.69,5.66,47.77,51.78,4890.23,5243.8
24.13,0.0,956.32,979.21,8583.55,9110.09
32.48,0.0,2.24,2.43,6570.88,4920.9
28.95,0.0,7838.14,7029.19,1825.38,1857.51
27.73,6.13,1609.18,1509.84,8311.82,8339.23
30.03,0.0,882.0,832.27,8346.43,8299.48
33.02,3.57,1099.47,1144.55,7438.83,7211.79
30.69,0.74,266.39,189.94,8647.73,7511.26
27.51,4.34,8.8,9.29,16915.3,17321.04
34.66,0.0,368.82,327.94,9011.65,8373.42
36.0,0.0,274.85,202.23,6493.11,5981.57
31.88,6.82,26.13,16.83,3368.22,3483.07
33.7,0.0,95.25,83.7,3837.07,4224.67
34.72,12.28,102.69,117.43,2571.08,2479.16
34.29,0.0,11689.14,13193.41,2062.83,2142.29
32.33,0.0,631.71,603.76,7338.91,7154.43
32.27,2.72,2270.97,2706.8,7317.44,7341.51
31.97,0.0,18689.75,16860.77,2261.43,2266.92
25.83,0.0,717.31,773.6,7178.66,7051.59
32.66,0.0,1108.21,931.84,5791.46,5587.72
24.85,0.0,28.4,24.96,3553.29,3715.42
26.98,7.77,809.23,707.54,8883.09,9038.36
34.95,0.0,9.2,5.54,17480.33,17533.04
33.19,0.0,1.96,2.12,6772.85,5034.59
35.65,0.0,10.4,8.28,16875.61,16936.46
28.97,2.88,2622.83,2165.13,7992.0,8097.75
25.62,0.0,864.87,675.53,9023.85,9183.68
29.09,5.78,908.79,836.09,7211.7,7036.7
30.39,2.47,9.69,11.38,17833.86,18129.46
30.3,0.0,18605.82,22537.75,3028.6,3096.89
34.31,7.24,359.0,247.93,8524.95,7710.69
28.63,1.02,26.2,23.12,3437.35,3459.45
31.34,0.0,38187.49,29296.05,2669.4,2661.16
26.24,0.0,248.44,268.54,8466.83,7598.66
31.71,0.55,39059.86,37187.12,647.0,651.7
30.01,2.2,2084.27,1749.96,6364.87,6350.07
27.15,1.81,36275.23,34625.24,662.88,630.04
29.1,1.81,1764.12,1527.35,8378.04,8639.47
29.3,0.0,2191.5,2520.64,7491.78,7807.21
28.97,6.59,12192.92,12547.56,8183.19,8230.43
36.73,4.22,731.42,724.3,8904.27,8967.38
29.63,0.0,1001.72,550.94,7505.7,7320.82
29.07,0.0,49.74,45.57,4769.77,4863.37
22.03,0.0,9177.83,11559.22,1933.1,2014.01
26.6,18.82,1840.61,2211.14,8278.44,8271.45
29.0,0.0,2345.18,1565.19,7472.65,7346.73
27.39,1.0,256.86,230.08,6563.99,6254.5
35.25,0.0,18476.39,13308.25,2929.34,2993.13
29.37,0.0,711.46,827.65,8100.01,7625.2
34.9,3.44,160.93,151.05,12372.92,12931.37
30.23,0.0,53.79,43.63,4993.44,5133.06
30.14,6.05,14354.48,13609.69,8006.33,7850.21
29.66,0.0,2733.73,1522.67,5796.19,5756.59
30.01,1.64,231.78,179.53,2438.47,2572.48
36.53,0.0,19570.25,17337.55,2548.25,2620.62
21.19,10.0,17094.76,19338.74,2229.87,2164.67
22.39,4.01,2627.69,1865.43,7784.87,8051.26
27.94,0.0,2623.34,2305.97,2253.88,2267.53
30.06,0.0,18283.14,19398.87,2980.69,3090.58
32.62,0.0,1118.43,784.09,5944.11,5606.22
31.8,5.59,397.28,382.84,8348.75,7934.55
28.54,0.67,2.19,2.06,6818.95,4904.2
33.87,0.0,1754.85,1994.88,8119.67,8336.65
33.91,0.0,29436.91,25442.1,660.26,635.04
30.7,1.53,233.27,209.45,3936.78,3714.91
33.66,0.0,40831.79,41556.38,631.08,660.09
31.04,0.07,3259.28,2373.94,5852.77,5891.13
27.87,0.0,3320.92,2995.06,5569.56,5543.92
32.65,4.59,99.73,85.63,5897.2,3966.36
30.42,6.85,3414.11,3159.45,5886.98,5783.92
30.01,0.0,1303.76,1354.28,7761.14,7687.0
35.6,0.0,127.66,123.06,12873.14,11936.48
20.69,0.0,233.07,203.02,2372.4,2431.81
24.61,2.28,45.19,44.31,5041.41,5306.97
25.49,0.0,40018.84,46250.86,662.19,688.86
28.62,1.55,1246.76,1019.98,8018.9,7656.19
29.03,0.72,10973.95,10414.55,2165.25,2261.24
24.27,0.0,7047.2,6535.04,1853.67,1900.1
26.26,6.42,6758.76,6483.71,1826.01,1922.65
26.73,0.0,16881.28,12008.25,2166.13,2135.98
39.34,1.81,539.0,576.03,8050.46,7159.0
36.85,0.0,131.0,100.94,17581.18,20923.14
28.44,3.26,1063.7,1155.27,5754.34,5520.67
28.62,5.2,732.32,631.33,7194.65,7046.99
25.63,13.34,308.19,281.06,8674.65,7689.14
22.75,0.07,7987.81,9055.13,1851.0,1818.61
29.56,0.0,285.95,303.63,8779.05,7943.05
26.21,12.89,30998.75,31727.45,662.89,626.45
29.68,6.94,40913.48,43215.07,633.02,628.99
23.92,3.95,230.84,215.11,2343.98,2441.23
27.1,0.0,93.64,87.67,3406.54,3703.25
30.56,0.0,1420.46,1170.43,7800.34,7514.55
31.39,4.14,150.82,159.08,12906.46,12534.92
31.59,0.0,103.74,84.39,2488.62,2389.38
24.98,6.72,96.24,114.03,6099.71,3953.9
33.25,7.72,1.84,1.64,6689.02,4749.55
26.96,9.93,3520.03,3452.64,5790.16,5687.38
32.4,0.0,17744.28,17953.54,2201.07,2239.69
29.96,8.94,18595.87,17839.71,2167.67,2161.26
24.77,0.0,238.46,216.92,4000.91,3756.12
28.8,0.0,164.04,151.41,11581.05,12660.26
31.39,4.7,1178.3,1243.8,2205.15,2201.49
32.33,0.0,145.0,117.92,12630.95,11906.96
29.46,0.0,1070.93,969.77,7646.05,7671.47
35.82,0.0,1174.58,1041.28,7411.23,7385.87
33.83,0.0,2064.18,2101.48,6498.01,6268.24
29.02,5.14,2.1,1.95,6511.96,4801.64
32.85,0.0,3072.37,3551.84,7738.31,7876.79
37.35,0.0,12267.88,10476.69,8104.36,7866.49
37.45,4.24,31508.44,27065.16,689.45,649.11
25.33,0.0,567.68,524.57,8123.91,7550.89
26.48,9.86,2.25,1.79,6706.93,4932.29
35.64,14.52,2223.42,1776.72,7831.81,7656.87
25.98,7.56,24.83,22.35,3391.13,3528.13
24.97,3.11,1172.9,1315.51,6016.7,5789.75
28.15,0.0,11198.83,10375.13,2086.21,2126.99
31.6,1.33,34148.33,28954.42,676.89,655.52
29.61,0.0,1853.94,2028.31,7821.55,8206.37
27.53,0.0,250.82,288.95,3877.66,3673.13
27.44,2.63,302.46,339.26,8842.2,7862.6
27.29,0.0,291.28,237.92,3858.63,3642.51
26.66,9.94,1405.74,1279.89,7957.49,7654.08
38.67,11.06,251.18,292.91,2489.14,2550.37
31.13,9.69,2197.02,2165.66,7393.95,7322.13
33.37,0.0,263.98,227.64,6460.3,6041.81
28.14,0.0,2941.72,3035.03,7778.37,7942.0
29.29,1.36,942.17,1008.8,7042.47,6954.95
27.29,0.0,35920.73,30757.7,668.16,664.78
20.0,0.0,317.89,321.3,8762.54,7963.63
24.76,5.84,25351.81,28000.86,3055.61,3018.43
23.12,0.4,2456.38,1966.2,6594.83,6558.38
21.45,1.97,2378.2,2332.79,7730.12,7895.18
25.46,0.0,759.12,600.65,9063.75,9380.28
35.03,0.0,2690.95,2023.83,7666.78,7751.1
29.83,2.23,14813.77,12607.73,3542.19,3430.36
34.9,0.0,654.95,627.03,8029.63,7411.72
31.56,0.0,13428.36,11622.87,8254.97,8127.16
32.97,0.0,3311.11,2686.56,5647.87,5626.52
26.58,0.0,92.03,87.22,3594.33,3985.26
31.99,0.0,296.59,221.69,8832.26,7853.66
32.77,0.0,8.09,7.79,16834.87,17321.24
27.81,4.12,38.63,42.8,5014.62,5135.94
32.13,0.0,42575.95,38154.61,2784.14,2757.63
32.15,4.44,37772.67,33862.29,2691.64,2702.82
27.91,0.0,12689.88,12497.14,2166.79,2269.8
25.73,2.91,8477.94,5707.87,1881.36,1953.64
25.5,0.0,11274.22,11523.97,2058.5,2251.66
30.33,0.0,256.38,346.7,2461.98,2566.94
31.24,0.0,37152.13,33264.88,631.98,656.37
26.99,0.0,139.27,128.32,11782.19,12735.19
30.1,0.0,828.04,847.5,7575.96,7147.3
32.17,9.95,2540.97,2991.04,7821.85,7841.88
32.35,1.09,8.88,9.29,16749.44,17061.55
35.9,0.0,267.85,156.11,4104.49,3803.04
34.85,0.0,2318.12,2248.02,7685.19,7815.43
26.2,1.94,17731.63,23240.38,2186.45,2179.17
36.4,2.32,150.4,147.09,12331.96,13064.45
27.98,0.0,42077.21,32418.89,649.15,661.91
33.97,3.76,40163.46,38181.99,623.14,637.41
30.26,0.0,3191.03,2358.66,9104.42,8977.77
28.43,4.75,276.49,309.94,8653.6,7566.65
23.13,0.0,1031.04,853.08,6081.27,6078.82
29.35,0.0,2537.84,2371.12,7374.31,7283.58
24.07,0.0,13542.32,11314.13,2192.69,2308.37
33.68,1.21,9.55,7.89,17822.79,17756.52
35.76,0.0,246.95,270.03,6479.83,6312.23
26.97,7.67,7745.71,7616.6,1895.52,1818.58
31.15,0.85,1438.82,1206.04,2196.95,2256.34
27.24,1.84,1306.99,1024.11,7704.69,7691.43
27.61,0.0,1942.95,1306.23,8364.05,8402.95
32.94,0.0,36903.67,26834.96,644.81,651.91
29.85,0.0,826.03,773.62,7172.51,7104.31
36.61,1.55,242.76,248.53,3994.41,3649.38
28.17,1.33,103.08,88.43,3551.46,3886.51
33.8,0.0,1632.87,1824.06,8341.95,8631.41
30.37,5.4,8882.61,7452.02,3610.59,3413.02
33.02,0.0,287.08,249.34,6528.79,6256.22
28.3,0.0,253.35,197.37,3977.7,3751.1
29.81,0.0,259.28,274.8,3985.07,3640.02
29.56,3.63,2703.53,3327.48,7405.64,7473.4
26.82,0.0,142.38,98.58,13038.73,12237.44
32.52,0.0,2063.43,1767.21,2138.13,2133.95
32.47,6.27,419.53,464.56,8325.15,7573.69
32.26,0.0,48.62,34.23,4904.01,5074.39
35.84,0.0,1110.14,1070.5,2129.24,2116.2
35.51,0.0,82.19,86.95,6246.53,4102.41
28.58,0.0,852.22,800.66,7190.88,7045.38
31.42,0.0,1277.98,1263.33,7908.24,7666.25
27.63,0.0,879.3,1038.22,8215.21,8178.97
30.09,4.66,899.93,1089.71,7213.87,7231.63
27.72,0.0,21932.53,20287.56,2482.64,2609.4
36.16,1.54,8615.94,7019.36,1842.41,1785.26
31.38,0.0,928.6,727.01,7299.38,7533.24
29.17,0.0,41009.19,43541.35,2641.82,2680.24
34.54,0.0,865.52,606.5,6727.51,6459.24
21.75,0.0,1057.7,988.03,2114.45,2203.92
22.35,0.0,38088.53,37338.11,2757.63,2713.68
33.02,0.0,2.04,1.7,6839.09,5065.5
30.23,4.5,32177.56,31398.45,691.94,659.12
30.95,2.86,2984.29,3834.1,8144.78,8382.16
24.96,0.0,347.5,324.29,8887.28,7975.86
29.91,1.13,43.0,37.16,4882.66,5101.59
37.61,2.8,93.37,95.96,5846.43,3701.54
33.13,1.35,148.77,139.86,17745.9,21524.17
30.64,0.0,7775.08,8689.73,1907.79,1808.37
28.33,0.0,2183.65,2081.17,2379.4,2467.38
28.5,0.0,9728.48,8699.37,3632.0,3654.92
21.91,0.0,429.72,308.9,8898.26,8629.76
30.98,0.0,22500.61,15466.09,2550.39,2691.44
33.21,1.64,273.73,178.0,9032.16,7925.49
24.01,0.75,937.25,948.53,8668.4,8941.19
27.49,0.0,2267.18,1687.61,2182.47,2168.03
25.6,0.0,91.86,103.08,5929.3,3838.38
26.33,0.0,2578.24,2439.64,6166.4,6211.84
30.2,0.0,7654.69,6771.3,1846.15,1822.12
22.08,4.53,2150.05,1865.16,2277.1,2283.22
32.33,0.0,2387.17,2370.73,6298.75,5964.64
32.86,5.29,9946.7,8070.13,2139.34,2161.88
29.05,0.56,264.34,208.83,6712.75,6185.77
20.57,1.44,3006.25,3453.26,5442.8,5656.76
26.21,0.56,221.58,220.39,2512.28,2524.88
34.69,0.0,2635.47,2263.87,6274.63,6070.44
20.0,0.0,14792.17,15824.67,3582.82,3605.69
28.68,0.0,1735.37,1612.46,8436.83,8406.62
25.52,2.6,2020.5,2042.59,2316.51,2327.5
33.06,0.0,25.8,20.31,3406.92,3483.67
27.43,8.33,27.2,34.23,3234.52,3407.93
31.54,0.0,765.7,635.26,7197.76,6713.33
32.15,0.0,11857.34,13338.91,2147.26,2187.8
36.98,0.0,1860.32,1584.42,8093.1,7780.41
29.23,1.78,252.78,264.09,8772.46,7486.57
31.43,0.0,608.0,616.64,7728.57,7409.13
24.36,0.0,19320.22,21530.81,2866.0,3120.56
34.52,0.0,1191.94,923.96,2212.34,2253.57
27.11,8.59,30832.74,34603.65,660.41,628.88
27.87,7.42,20904.61,25523.5,2534.42,2620.03
29.92,0.0,306.99,271.47,6544.12,6349.32
24.06,0.21,31289.4,30079.81,690.54,669.75
30.87,0.0,2165.49,1822.27,2237.46,2224.22
33.68,3.01,1397.11,1203.58,2180.11,2216.56
31.11,0.0,1151.83,1327.96,2151.84,2193.19
23.96,0.0,13583.96,11079.54,2161.26,2236.42
29.53,10.53,99.02,82.49,2630.13,2498.17
32.82,0.0,1006.77,1136.25,8450.35,8262.52
22.86,0.0,1164.23,1222.73,5956.39,5943.79
25.92,6.09,7726.51,9779.57,1933.59,1868.57
33.33,0.79,607.6,510.46,7529.85,6937.88
31.03,0.0,7398.67,6892.01,1809.74,1902.51
31.57,4.07,25.35,21.15,3398.36,3483.77
37.07,4.36,22161.34,20280.11,2513.97,2603.92
31.78,0.0,1737.7,1148.52,8086.81,7921.98
32.5,3.81,24.56,24.96,3255.99,3323.74
40.3,0.0,96.99,87.63,2458.65,2299.06
29.19,7.22,2551.96,2413.42,6289.28,6301.77
26.97,0.0,670.68,592.57,7785.42,6991.17
31.63,0.0,7371.81,5786.73,1813.59,1852.07
31.67,0.0,30403.7,30764.62,671.17,665.22
28.0,0.0,238.32,183.04,3946.26,3645.08
26.08,11.24,14492.94,15365.08,8246.79,8116.12
38.78,4.59,1899.0,2233.42,8274.34,8332.2
31.24,0.0,340.69,381.75,8627.63,8033.33
27.22,0.0,862.54,626.19,8357.92,8597.84
33.48,0.0,815.56,672.0,8024.19,8004.43
29.59,0.0,802.4,787.55,7171.2,7067.87
29.04,0.0,2387.72,2186.97,2170.56,2144.74
32.14,0.1,973.32,692.69,7454.27,7303.32
25.09,2.11,17416.2,17622.71,2910.31,3032.92
31.34,0.0,215.97,196.65,4027.63,3674.81
37.27,0.0,236.62,270.78,3855.65,3599.69
31.77,7.46,397.41,359.16,8483.13,7711.87
28.57,0.0,2.27,2.48,6795.88,4955.88
28.07,0.0,50.33,37.95,5050.63,5316.73
28.44,0.0,2268.01,1781.37,7721.31,7714.81
29.03,0.0,178.93,183.73,11963.85,13133.55
28.56,0.0,3096.74,3345.52,5734.12,5723.36
33.48,3.01,259.15,201.39,2528.12,2615.32
23.41,0.0,1555.35,1497.63,8000.24,8208.79
33.28,7.28,820.28,603.75,7023.78,6705.79
28.56,0.0,12086.13,10917.23,2286.34,2376.88
31.43,5.91,667.29,702.14,7745.71,7237.12
25.72,0.0,2305.57,2039.97,7499.56,7714.51
35.05,0.0,99.22,84.82,2507.25,2292.69
34.73,0.0,18270.33,13399.97,2760.27,2878.98
33.65,0.0,1253.56,1012.07,2188.91,2227.5
24.24,0.0,106.11,127.41,3616.91,4089.97
33.15,6.25,98.83,92.53,5865.27,3892.27
31.54,0.0,1240.88,956.03,7780.79,7520.08
23.9,0.0,2.35,2.15,6854.71,5014.37
29.91,0.0,8362.26,5827.78,1821.38,1778.09
31.39,3.4,2293.32,1796.4,7611.62,7649.4
32.11,2.46,1152.11,1276.08,5822.44,5743.92
30.67,3.09,2.36,2.14,6573.98,4786.37
31.11,2.12,96.93,115.01,2525.61,2458.75
35.6,2.4,221.11,195.16,2357.08,2402.34
34.66,4.96,3415.63,3097.5,5738.42,5693.45
20.0,0.0,1089.22,1165.17,2167.69,2262.42
28.79,6.2,2085.92,1205.39,2270.5,2243.23
29.37,6.29,28092.4,27462.89,3094.6,3078.91
23.34,0.0,10041.37,9570.32,3684.4,3596.9
30.36,3.78,1043.26,1190.39,7204.21,7268.76
34.75,0.0,1225.37,1257.95,7970.41,7800.44
25.87,0.0,835.38,656.66,7157.03,7180.22
31.28,0.0,18589.83,20192.82,2201.97,2245.93
26.52,8.91,10.88,10.23,17512.44,18032.35
27.45,0.97,78.79,64.03,5894.12,3934.03
35.61,0.0,13240.53,12100.66,8299.09,8148.22
27.94,0.0,18268.25,16514.18,3072.64,3159.79
31.76,0.0,9.95,11.19,17386.38,17493.35
22.89,0.0,6975.01,7047.2,1858.02,1837.11
37.08,4.23,1039.03,959.3,5535.78,5372.46
32.29,0.0,1046.54,1080.4,7676.06,7761.83
29.31,0.0,45.72,49.25,4952.32,5081.69
32.19,0.0,306.83,311.92,8577.4,7769.12
24.64,5.55,103.77,121.73,3649.15,4044.05
34.49,0.0,265.93,260.14,6478.08,6018.11
28.77,3.95,8487.22,8204.31,3626.59,3578.29
29.22,0.0,149.06,163.69,13103.7,12993.78
28.13,0.0,816.48,749.92,6987.39,6766.59
27.79,3.13,12964.35,12321.39,2130.69,2233.46
32.64,0.0,23.77,27.22,3508.88,3679.26
30.97,0.89,34198.75,39150.95,651.88,682.36
32.48,0.0,45.87,41.47,5092.58,5348.52
29.97,5.37,44361.58,38957.78,2735.66,2657.47
31.95,1.14,839.49,938.29,7218.12,7426.39
28.41,4.6,138.61,146.93,12178.4,11945.94
38.47,0.0,42.8,39.09,4802.05,4879.49
24.04,0.43,431.85,394.02,8641.84,7951.48
34.79,5.94,91.67,88.14,3407.74,3731.62
35.2,0.0,250.61,221.98,6566.61,6165.76
26.76,0.0,857.34,725.67,7248.31,7039.94
38.47,0.4,33402.46,29689.75,672.28,683.49
33.78,0.0,13071.45,12214.77,2105.83,2139.92
33.69,0.85,12454.25,10570.01,2102.17,2111.3
30.11,3.57,1177.33,1248.18,7464.67,7508.31
29.17,0.0,2.29,2.53,6758.78,4938.85
29.2,3.22,373.73,401.18,8447.31,7860.81
31.48,7.76,130.29,117.71,17703.86,20704.72
35.32,0.0,31761.84,31567.08,656.47,625.47
30.69,13.25,1012.63,992.16,7496.92,7494.81
26.54,0.0,240.3,184.49,4033.93,3838.84
33.13,0.0,246.23,245.09,3949.61,3620.85
33.5,1.58,8707.48,8061.05,1889.11,1886.67
32.49,0.0,238.18,302.05,4004.39,3750.58
32.83,14.11,42128.4,49014.59,661.25,671.22
28.97,0.0,20185.44,20704.97,2572.85,2698.23
26.47,0.0,86.17,84.11,6058.55,4011.82
26.7,0.0,41717.5,40162.1,2618.21,2654.47
23.79,1.81,3077.84,2536.12,5617.83,5829.54
30.9,0.38,846.67,569.5,7437.62,7382.25
29.68,13.77,273.71,233.97,8879.09,7525.91
28.33,10.2,1020.85,984.26,5706.08,5540.54
20.0,3.99,149.64,104.92,17329.33,21734.08
25.26,2.54,3401.33,3001.38,5369.11,5286.73
34.26,0.0,7173.38,6167.52,1823.72,1858.99
27.47,0.61,873.29,792.45,7390.11,7352.63
31.37,4.98,11356.38,9528.52,2129.86,2186.36
24.72,9.55,142.59,134.33,17302.18,20927.1
35.47,0.0,981.04,1107.15,7688.59,7769.94
29.45,0.0,30003.44,30483.02,3048.97,2993.16
31.1,7.94,41724.51,36162.17,653.94,675.62
38.84,0.0,162.37,139.22,13084.43,12303.5
35.76,0.0,1036.46,913.6,5996.73,5727.6
28.84,8.18,37024.25,31551.81,2646.29,2599.54
27.75,0.0,30266.13,24995.2,667.08,625.22
28.76,0.0,2073.03,2215.85,2165.16,2170.35
31.94,0.0,32623.2,27716.82,2646.67,2734.77
29.6,0.0,815.07,626.9,6989.11,6999.84
28.5,3.49,2259.65,2117.1,7141.88,7213.47
35.58,0.72,1167.19,1057.42,7271.69,7134.0
29.57,2.4,12196.35,8001.28,2217.12,2269.99
38.74,10.06,26828.51,24202.34,3058.34,2959.09
30.34,7.42,93.83,100.32,6035.06,4186.96
36.78,0.0,149.01,140.44,12767.94,12443.64
31.36,2.5,2906.62,3586.88,8580.18,8478.69
33.66,0.0,156.96,168.44,12238.4,13168.29
27.25,0.0,115.78,131.92,12231.6,11908.95
26.76,2.67,345.58,463.82,8362.39,7725.67
31.75,5.21,153.69,159.3,11942.21,12507.65
33.76,0.0,267.63,246.3,6658.83,6173.3
30.15,1.63,130.21,138.27,12699.08,12218.31
25.11,0.0,255.12,222.22,6316.47,6055.35
24.83,0.0,2864.7,2767.56,5593.53,5515.43
24.58,0.0,40744.61,35116.02,2610.47,2638.01
23.28,0.0,26.06,26.48,3349.85,3503.23
30.42,0.0,308.73,255.08,8952.19,7768.32
34.28,0.0,3100.1,2474.44,8709.74,8336.48
29.95,0.0,143.26,140.13,12048.52,12958.98
21.41,0.0,19015.05,18107.23,2977.29,3107.32
29.28,10.88,801.81,559.69,7390.0,7380.15
29.38,9.2,44.52,33.69,4922.13,4910.73
37.96,4.89,3195.09,2336.15,5820.73,5483.47
24.46,0.0,51.25,42.51,4917.31,5173.61
28.52,6.69,3298.25,3343.37,9079.81,8840.12
36.48,3.78,7172.22,6647.79,1780.75,1814.34
31.71,0.0,2.31,2.44,6258.09,4536.25
